Feature,final_weight
pH,0.318674873
Turbidity,0.098032892
Color,0.206923284
Iron,0.210239419
Ammonia,0.100079876
Manganese,0.066049655
