Feature,Weight
pH,0.248995766
Turbidity,0.074595238
Color,0.313035357
Iron,0.188784167
Ammonia,0.126243528
Manganese,0.048345943
