Feature,final_weight
Color,0.249829083
pH,0.215404342
Ammonia,0.195853132
Iron,0.169031102
Turbidity,0.085321245
Manganese,0.068041787
