Feature,final_weight
pH,0.197931862
Turbidity,0.088103776
Color,0.157449881
Iron,0.184599541
Ammonia,0.215779232
Manganese,0.118626345
